Date,Service_District,LGA_Name,Participants
2024-12-31,Central North Metro,Cambridge,416
2024-12-31,Central North Metro,Claremont,189
2024-12-31,Central North Metro,Cottesloe,69
2024-12-31,Central North Metro,Mosman Park,136
2024-12-31,Central North Metro,Nedlands,403
2024-12-31,Central North Metro,Peppermint Grove,11
2024-12-31,Central North Metro,Perth,349
2024-12-31,Central North Metro,Stirling,4316
2024-12-31,Central North Metro,Subiaco,270
2024-12-31,Central North Metro,Vincent,613
2024-12-31,Central South Metro,Cockburn,2815
2024-12-31,Central South Metro,East Fremantle,97
2024-12-31,Central South Metro,Fremantle,673
2024-12-31,Central South Metro,Kwinana,1469
2024-12-31,Central South Metro,Melville,1835
2024-12-31,Central South Metro,South Perth,685
2024-12-31,Goldfields-Esperance,Coolgardie,65
2024-12-31,Goldfields-Esperance,Dundas,14
2024-12-31,Goldfields-Esperance,Esperance,314
2024-12-31,Goldfields-Esperance,Kalgoorlie/Boulder,549
2024-12-31,Goldfields-Esperance,Leonora,11
2024-12-31,Goldfields-Esperance,Ngaanyatjarraku,41
2024-12-31,Goldfields-Esperance,Ravensthorpe,27
2024-12-31,Great Southern,Albany,1012
2024-12-31,Great Southern,Broomehill-Tambellup,27
2024-12-31,Great Southern,Cranbrook,25
2024-12-31,Great Southern,Denmark,109
2024-12-31,Great Southern,Gnowangerup,19
2024-12-31,Great Southern,Jerramungup,13
2024-12-31,Great Southern,Katanning,65
2024-12-31,Great Southern,Kojonup,24
2024-12-31,Great Southern,Plantagenet,102
2024-12-31,Kimberley-Pilbara,Ashburton,88
2024-12-31,Kimberley-Pilbara,Broome,479
2024-12-31,Kimberley-Pilbara,Derby-West Kimberley,221
2024-12-31,Kimberley-Pilbara,East Pilbara,104
2024-12-31,Kimberley-Pilbara,Halls Creek,98
2024-12-31,Kimberley-Pilbara,Karratha,449
2024-12-31,Kimberley-Pilbara,Port Hedland,275
2024-12-31,Kimberley-Pilbara,Wyndham-East Kimberley,171
2024-12-31,Midwest-Gascoyne,Carnamah,13
2024-12-31,Midwest-Gascoyne,Carnarvon,83
2024-12-31,Midwest-Gascoyne,Chapman Valley,34
2024-12-31,Midwest-Gascoyne,Coorow,12
2024-12-31,Midwest-Gascoyne,Exmouth,31
2024-12-31,Midwest-Gascoyne,Greater Geraldton,1159
2024-12-31,Midwest-Gascoyne,Irwin,63
2024-12-31,Midwest-Gascoyne,Morawa,14
2024-12-31,Midwest-Gascoyne,Mount Magnet,20
2024-12-31,Midwest-Gascoyne,Northampton,63
2024-12-31,Midwest-Gascoyne,Wiluna,11
2024-12-31,North East Metro,Bassendean,524
2024-12-31,North East Metro,Bayswater,1423
2024-12-31,North East Metro,Kalamunda,1375
2024-12-31,North East Metro,Mundaring,966
2024-12-31,North East Metro,Swan,4652
2024-12-31,North Metro,Joondalup,3098
2024-12-31,North Metro,Wanneroo,5252
2024-12-31,Other,Anangu Pitjantjatjara,22
2024-12-31,Other,MacDonnell,24
2024-12-31,South East Metro,Belmont,877
2024-12-31,South East Metro,Canning,1990
2024-12-31,South East Metro,Gosnells,3252
2024-12-31,South East Metro,Victoria Park,746
2024-12-31,South Metro,Armadale,2628
2024-12-31,South Metro,Mandurah,2308
2024-12-31,South Metro,Murray,462
2024-12-31,South Metro,Rockingham,3757
2024-12-31,South Metro,Serpentine-Jarrahdale,765
2024-12-31,South West,Augusta-Margaret River,373
2024-12-31,South West,Boyup Brook,33
2024-12-31,South West,Bridgetown-Greenbushes,173
2024-12-31,South West,Bunbury,1049
2024-12-31,South West,Busselton,1011
2024-12-31,South West,Capel,470
2024-12-31,South West,Collie,244
2024-12-31,South West,Dardanup,341
2024-12-31,South West,Donnybrook-Balingup,160
2024-12-31,South West,Harvey,635
2024-12-31,South West,Manjimup,240
2024-12-31,South West,Nannup,21
2024-12-31,South West,Waroona,68
2024-12-31,Wheat Belt,Beverley,31
2024-12-31,Wheat Belt,Boddington,27
2024-12-31,Wheat Belt,Brookton,22
2024-12-31,Wheat Belt,Bruce Rock,17
2024-12-31,Wheat Belt,Chittering,131
2024-12-31,Wheat Belt,Corrigin,12
2024-12-31,Wheat Belt,Cuballing,19
2024-12-31,Wheat Belt,Cunderdin,27
2024-12-31,Wheat Belt,Dalwallinu,15
2024-12-31,Wheat Belt,Dandaragan,43
2024-12-31,Wheat Belt,Dowerin,13
2024-12-31,Wheat Belt,Gingin,103
2024-12-31,Wheat Belt,Goomalling,16
2024-12-31,Wheat Belt,Kellerberrin,20
2024-12-31,Wheat Belt,Kondinin,12
2024-12-31,Wheat Belt,Lake Grace,16
2024-12-31,Wheat Belt,Merredin,59
2024-12-31,Wheat Belt,Moora,44
2024-12-31,Wheat Belt,Narrogin,101
2024-12-31,Wheat Belt,Northam,318
2024-12-31,Wheat Belt,Pingelly,35
2024-12-31,Wheat Belt,Quairading,16
2024-12-31,Wheat Belt,Toodyay,85
2024-12-31,Wheat Belt,Victoria Plains,11
2024-12-31,Wheat Belt,Wagin,18
2024-12-31,Wheat Belt,Wickepin,14
2024-12-31,Wheat Belt,Williams,12
2024-12-31,Wheat Belt,Wongan-Ballidu,21
2024-12-31,Wheat Belt,Yilgarn,18
2024-12-31,Wheat Belt,York,79
2024-09-30,Central North Metro,Cambridge,406
2024-09-30,Central North Metro,Claremont,193
2024-09-30,Central North Metro,Cottesloe,67
2024-09-30,Central North Metro,Mosman Park,135
2024-09-30,Central North Metro,Nedlands,410
2024-09-30,Central North Metro,Peppermint Grove,11
2024-09-30,Central North Metro,Perth,350
2024-09-30,Central North Metro,Stirling,4254
2024-09-30,Central North Metro,Subiaco,262
2024-09-30,Central North Metro,Vincent,597
2024-09-30,Central South Metro,Cockburn,2765
2024-09-30,Central South Metro,East Fremantle,92
2024-09-30,Central South Metro,Fremantle,662
2024-09-30,Central South Metro,Kwinana,1421
2024-09-30,Central South Metro,Melville,1783
2024-09-30,Central South Metro,South Perth,663
2024-09-30,Goldfields-Esperance,Coolgardie,61
2024-09-30,Goldfields-Esperance,Dundas,13
2024-09-30,Goldfields-Esperance,Esperance,307
2024-09-30,Goldfields-Esperance,Kalgoorlie/Boulder,544
2024-09-30,Goldfields-Esperance,Leonora,12
2024-09-30,Goldfields-Esperance,Ngaanyatjarraku,39
2024-09-30,Goldfields-Esperance,Ravensthorpe,27
2024-09-30,Great Southern,Albany,994
2024-09-30,Great Southern,Broomehill-Tambellup,26
2024-09-30,Great Southern,Cranbrook,24
2024-09-30,Great Southern,Denmark,106
2024-09-30,Great Southern,Gnowangerup,18
2024-09-30,Great Southern,Katanning,61
2024-09-30,Great Southern,Kojonup,22
2024-09-30,Great Southern,Plantagenet,99
2024-09-30,Kimberley-Pilbara,Ashburton,84
2024-09-30,Kimberley-Pilbara,Broome,464
2024-09-30,Kimberley-Pilbara,Derby-West Kimberley,217
2024-09-30,Kimberley-Pilbara,East Pilbara,105
2024-09-30,Kimberley-Pilbara,Halls Creek,94
2024-09-30,Kimberley-Pilbara,Karratha,426
2024-09-30,Kimberley-Pilbara,Port Hedland,270
2024-09-30,Kimberley-Pilbara,Wyndham-East Kimberley,164
2024-09-30,Midwest-Gascoyne,Carnamah,13
2024-09-30,Midwest-Gascoyne,Carnarvon,84
2024-09-30,Midwest-Gascoyne,Chapman Valley,39
2024-09-30,Midwest-Gascoyne,Coorow,12
2024-09-30,Midwest-Gascoyne,Exmouth,30
2024-09-30,Midwest-Gascoyne,Greater Geraldton,1123
2024-09-30,Midwest-Gascoyne,Irwin,61
2024-09-30,Midwest-Gascoyne,Morawa,15
2024-09-30,Midwest-Gascoyne,Mount Magnet,18
2024-09-30,Midwest-Gascoyne,Northampton,64
2024-09-30,Midwest-Gascoyne,Wiluna,11
2024-09-30,North East Metro,Bassendean,520
2024-09-30,North East Metro,Bayswater,1382
2024-09-30,North East Metro,Kalamunda,1362
2024-09-30,North East Metro,Mundaring,954
2024-09-30,North East Metro,Swan,4546
2024-09-30,North Metro,Joondalup,3001
2024-09-30,North Metro,Wanneroo,5083
2024-09-30,Other,Anangu Pitjantjatjara,18
2024-09-30,Other,Central Desert,11
2024-09-30,Other,MacDonnell,19
2024-09-30,South East Metro,Belmont,856
2024-09-30,South East Metro,Canning,1984
2024-09-30,South East Metro,Gosnells,3169
2024-09-30,South East Metro,Victoria Park,731
2024-09-30,South Metro,Armadale,2555
2024-09-30,South Metro,Mandurah,2244
2024-09-30,South Metro,Murray,441
2024-09-30,South Metro,Rockingham,3664
2024-09-30,South Metro,Serpentine-Jarrahdale,745
2024-09-30,South West,Augusta-Margaret River,372
2024-09-30,South West,Boyup Brook,32
2024-09-30,South West,Bridgetown-Greenbushes,174
2024-09-30,South West,Bunbury,1022
2024-09-30,South West,Busselton,996
2024-09-30,South West,Capel,457
2024-09-30,South West,Collie,242
2024-09-30,South West,Dardanup,337
2024-09-30,South West,Donnybrook-Balingup,157
2024-09-30,South West,Harvey,614
2024-09-30,South West,Manjimup,248
2024-09-30,South West,Nannup,20
2024-09-30,South West,Waroona,70
2024-09-30,Wheat Belt,Beverley,30
2024-09-30,Wheat Belt,Boddington,25
2024-09-30,Wheat Belt,Brookton,19
2024-09-30,Wheat Belt,Bruce Rock,17
2024-09-30,Wheat Belt,Chittering,122
2024-09-30,Wheat Belt,Corrigin,13
2024-09-30,Wheat Belt,Cuballing,18
2024-09-30,Wheat Belt,Cunderdin,26
2024-09-30,Wheat Belt,Dalwallinu,15
2024-09-30,Wheat Belt,Dandaragan,44
2024-09-30,Wheat Belt,Dowerin,11
2024-09-30,Wheat Belt,Gingin,95
2024-09-30,Wheat Belt,Goomalling,16
2024-09-30,Wheat Belt,Kellerberrin,23
2024-09-30,Wheat Belt,Kondinin,12
2024-09-30,Wheat Belt,Lake Grace,15
2024-09-30,Wheat Belt,Merredin,58
2024-09-30,Wheat Belt,Moora,45
2024-09-30,Wheat Belt,Narrogin,102
2024-09-30,Wheat Belt,Northam,310
2024-09-30,Wheat Belt,Pingelly,32
2024-09-30,Wheat Belt,Quairading,17
2024-09-30,Wheat Belt,Toodyay,86
2024-09-30,Wheat Belt,Victoria Plains,11
2024-09-30,Wheat Belt,Wagin,17
2024-09-30,Wheat Belt,Wickepin,13
2024-09-30,Wheat Belt,Williams,11
2024-09-30,Wheat Belt,Wongan-Ballidu,20
2024-09-30,Wheat Belt,Wyalkatchem,12
2024-09-30,Wheat Belt,Yilgarn,16
2024-09-30,Wheat Belt,York,75
2024-06-30,Central North Metro,Cambridge,380
2024-06-30,Central North Metro,Claremont,190
2024-06-30,Central North Metro,Cottesloe,65
2024-06-30,Central North Metro,Mosman Park,132
2024-06-30,Central North Metro,Nedlands,398
2024-06-30,Central North Metro,Peppermint Grove,11
2024-06-30,Central North Metro,Perth,338
2024-06-30,Central North Metro,Stirling,4137
2024-06-30,Central North Metro,Subiaco,253
2024-06-30,Central North Metro,Vincent,575
2024-06-30,Central South Metro,Cockburn,2653
2024-06-30,Central South Metro,East Fremantle,90
2024-06-30,Central South Metro,Fremantle,639
2024-06-30,Central South Metro,Kwinana,1357
2024-06-30,Central South Metro,Melville,1734
2024-06-30,Central South Metro,South Perth,628
2024-06-30,Goldfields-Esperance,Coolgardie,58
2024-06-30,Goldfields-Esperance,Dundas,14
2024-06-30,Goldfields-Esperance,Esperance,279
2024-06-30,Goldfields-Esperance,Kalgoorlie/Boulder,528
2024-06-30,Goldfields-Esperance,Leonora,13
2024-06-30,Goldfields-Esperance,Ngaanyatjarraku,38
2024-06-30,Goldfields-Esperance,Ravensthorpe,21
2024-06-30,Great Southern,Albany,972
2024-06-30,Great Southern,Broomehill-Tambellup,25
2024-06-30,Great Southern,Cranbrook,24
2024-06-30,Great Southern,Denmark,99
2024-06-30,Great Southern,Gnowangerup,18
2024-06-30,Great Southern,Katanning,61
2024-06-30,Great Southern,Kojonup,21
2024-06-30,Great Southern,Plantagenet,101
2024-06-30,Kimberley-Pilbara,Ashburton,81
2024-06-30,Kimberley-Pilbara,Broome,440
2024-06-30,Kimberley-Pilbara,Derby-West Kimberley,208
2024-06-30,Kimberley-Pilbara,East Pilbara,97
2024-06-30,Kimberley-Pilbara,Halls Creek,92
2024-06-30,Kimberley-Pilbara,Karratha,405
2024-06-30,Kimberley-Pilbara,Port Hedland,259
2024-06-30,Kimberley-Pilbara,Wyndham-East Kimberley,164
2024-06-30,Midwest-Gascoyne,Carnamah,12
2024-06-30,Midwest-Gascoyne,Carnarvon,81
2024-06-30,Midwest-Gascoyne,Chapman Valley,34
2024-06-30,Midwest-Gascoyne,Coorow,12
2024-06-30,Midwest-Gascoyne,Exmouth,28
2024-06-30,Midwest-Gascoyne,Greater Geraldton,1090
2024-06-30,Midwest-Gascoyne,Irwin,58
2024-06-30,Midwest-Gascoyne,Morawa,14
2024-06-30,Midwest-Gascoyne,Mount Magnet,18
2024-06-30,Midwest-Gascoyne,Northampton,63
2024-06-30,Midwest-Gascoyne,Wiluna,11
2024-06-30,North East Metro,Bassendean,497
2024-06-30,North East Metro,Bayswater,1320
2024-06-30,North East Metro,Kalamunda,1325
2024-06-30,North East Metro,Mundaring,934
2024-06-30,North East Metro,Swan,4405
2024-06-30,North Metro,Joondalup,2907
2024-06-30,North Metro,Wanneroo,4872
2024-06-30,Other,MacDonnell,18
2024-06-30,South East Metro,Belmont,824
2024-06-30,South East Metro,Canning,1947
2024-06-30,South East Metro,Gosnells,3051
2024-06-30,South East Metro,Victoria Park,722
2024-06-30,South Metro,Armadale,2470
2024-06-30,South Metro,Mandurah,2134
2024-06-30,South Metro,Murray,432
2024-06-30,South Metro,Rockingham,3516
2024-06-30,South Metro,Serpentine-Jarrahdale,702
2024-06-30,South West,Augusta-Margaret River,363
2024-06-30,South West,Boyup Brook,32
2024-06-30,South West,Bridgetown-Greenbushes,169
2024-06-30,South West,Bunbury,997
2024-06-30,South West,Busselton,956
2024-06-30,South West,Capel,442
2024-06-30,South West,Collie,233
2024-06-30,South West,Dardanup,324
2024-06-30,South West,Donnybrook-Balingup,157
2024-06-30,South West,Harvey,594
2024-06-30,South West,Manjimup,244
2024-06-30,South West,Nannup,20
2024-06-30,South West,Waroona,69
2024-06-30,Wheat Belt,Beverley,31
2024-06-30,Wheat Belt,Boddington,25
2024-06-30,Wheat Belt,Brookton,17
2024-06-30,Wheat Belt,Bruce Rock,17
2024-06-30,Wheat Belt,Chittering,117
2024-06-30,Wheat Belt,Corrigin,14
2024-06-30,Wheat Belt,Cuballing,17
2024-06-30,Wheat Belt,Cunderdin,25
2024-06-30,Wheat Belt,Dalwallinu,15
2024-06-30,Wheat Belt,Dandaragan,45
2024-06-30,Wheat Belt,Dowerin,11
2024-06-30,Wheat Belt,Gingin,92
2024-06-30,Wheat Belt,Goomalling,16
2024-06-30,Wheat Belt,Kellerberrin,24
2024-06-30,Wheat Belt,Kondinin,12
2024-06-30,Wheat Belt,Lake Grace,12
2024-06-30,Wheat Belt,Merredin,57
2024-06-30,Wheat Belt,Moora,44
2024-06-30,Wheat Belt,Narrogin,99
2024-06-30,Wheat Belt,Northam,293
2024-06-30,Wheat Belt,Pingelly,29
2024-06-30,Wheat Belt,Quairading,18
2024-06-30,Wheat Belt,Toodyay,86
2024-06-30,Wheat Belt,Victoria Plains,11
2024-06-30,Wheat Belt,Wagin,17
2024-06-30,Wheat Belt,Wickepin,13
2024-06-30,Wheat Belt,Wongan-Ballidu,20
2024-06-30,Wheat Belt,Wyalkatchem,12
2024-06-30,Wheat Belt,Yilgarn,14
2024-06-30,Wheat Belt,York,68
2024-03-31,Central North Metro,Cambridge,369
2024-03-31,Central North Metro,Claremont,181
2024-03-31,Central North Metro,Cottesloe,65
2024-03-31,Central North Metro,Mosman Park,129
2024-03-31,Central North Metro,Nedlands,385
2024-03-31,Central North Metro,Peppermint Grove,11
2024-03-31,Central North Metro,Perth,344
2024-03-31,Central North Metro,Stirling,4062
2024-03-31,Central North Metro,Subiaco,257
2024-03-31,Central North Metro,Vincent,553
2024-03-31,Central South Metro,Cockburn,2642
2024-03-31,Central South Metro,East Fremantle,89
2024-03-31,Central South Metro,Fremantle,633
2024-03-31,Central South Metro,Kwinana,1314
2024-03-31,Central South Metro,Melville,1710
2024-03-31,Central South Metro,South Perth,609
2024-03-31,Goldfields-Esperance,Coolgardie,60
2024-03-31,Goldfields-Esperance,Dundas,15
2024-03-31,Goldfields-Esperance,Esperance,274
2024-03-31,Goldfields-Esperance,Kalgoorlie/Boulder,515
2024-03-31,Goldfields-Esperance,Leonora,13
2024-03-31,Goldfields-Esperance,Ngaanyatjarraku,41
2024-03-31,Goldfields-Esperance,Ravensthorpe,23
2024-03-31,Great Southern,Albany,946
2024-03-31,Great Southern,Broomehill-Tambellup,22
2024-03-31,Great Southern,Cranbrook,23
2024-03-31,Great Southern,Denmark,101
2024-03-31,Great Southern,Gnowangerup,18
2024-03-31,Great Southern,Katanning,60
2024-03-31,Great Southern,Kojonup,21
2024-03-31,Great Southern,Plantagenet,99
2024-03-31,Kimberley-Pilbara,Ashburton,74
2024-03-31,Kimberley-Pilbara,Broome,430
2024-03-31,Kimberley-Pilbara,Derby-West Kimberley,198
2024-03-31,Kimberley-Pilbara,East Pilbara,100
2024-03-31,Kimberley-Pilbara,Halls Creek,91
2024-03-31,Kimberley-Pilbara,Karratha,405
2024-03-31,Kimberley-Pilbara,Port Hedland,250
2024-03-31,Kimberley-Pilbara,Wyndham-East Kimberley,160
2024-03-31,Midwest-Gascoyne,Carnamah,11
2024-03-31,Midwest-Gascoyne,Carnarvon,81
2024-03-31,Midwest-Gascoyne,Chapman Valley,32
2024-03-31,Midwest-Gascoyne,Coorow,12
2024-03-31,Midwest-Gascoyne,Exmouth,28
2024-03-31,Midwest-Gascoyne,Greater Geraldton,1089
2024-03-31,Midwest-Gascoyne,Irwin,59
2024-03-31,Midwest-Gascoyne,Morawa,14
2024-03-31,Midwest-Gascoyne,Mount Magnet,16
2024-03-31,Midwest-Gascoyne,Northampton,61
2024-03-31,Midwest-Gascoyne,Wiluna,11
2024-03-31,North East Metro,Bassendean,486
2024-03-31,North East Metro,Bayswater,1316
2024-03-31,North East Metro,Kalamunda,1316
2024-03-31,North East Metro,Mundaring,928
2024-03-31,North East Metro,Swan,4308
2024-03-31,North Metro,Joondalup,2847
2024-03-31,North Metro,Wanneroo,4779
2024-03-31,Other,MacDonnell,13
2024-03-31,South East Metro,Belmont,803
2024-03-31,South East Metro,Canning,1933
2024-03-31,South East Metro,Gosnells,2953
2024-03-31,South East Metro,Victoria Park,713
2024-03-31,South Metro,Armadale,2441
2024-03-31,South Metro,Mandurah,2097
2024-03-31,South Metro,Murray,425
2024-03-31,South Metro,Rockingham,3446
2024-03-31,South Metro,Serpentine-Jarrahdale,683
2024-03-31,South West,Augusta-Margaret River,352
2024-03-31,South West,Boyup Brook,31
2024-03-31,South West,Bridgetown-Greenbushes,170
2024-03-31,South West,Bunbury,985
2024-03-31,South West,Busselton,950
2024-03-31,South West,Capel,441
2024-03-31,South West,Collie,223
2024-03-31,South West,Dardanup,323
2024-03-31,South West,Donnybrook-Balingup,156
2024-03-31,South West,Harvey,587
2024-03-31,South West,Manjimup,246
2024-03-31,South West,Nannup,18
2024-03-31,South West,Waroona,68
2024-03-31,Wheat Belt,Beverley,31
2024-03-31,Wheat Belt,Boddington,24
2024-03-31,Wheat Belt,Brookton,16
2024-03-31,Wheat Belt,Bruce Rock,17
2024-03-31,Wheat Belt,Chittering,115
2024-03-31,Wheat Belt,Corrigin,13
2024-03-31,Wheat Belt,Cuballing,17
2024-03-31,Wheat Belt,Cunderdin,23
2024-03-31,Wheat Belt,Dalwallinu,14
2024-03-31,Wheat Belt,Dandaragan,44
2024-03-31,Wheat Belt,Gingin,90
2024-03-31,Wheat Belt,Goomalling,16
2024-03-31,Wheat Belt,Kellerberrin,24
2024-03-31,Wheat Belt,Kondinin,12
2024-03-31,Wheat Belt,Lake Grace,13
2024-03-31,Wheat Belt,Merredin,59
2024-03-31,Wheat Belt,Moora,44
2024-03-31,Wheat Belt,Narrogin,96
2024-03-31,Wheat Belt,Northam,291
2024-03-31,Wheat Belt,Pingelly,30
2024-03-31,Wheat Belt,Quairading,17
2024-03-31,Wheat Belt,Toodyay,82
2024-03-31,Wheat Belt,Victoria Plains,11
2024-03-31,Wheat Belt,Wagin,18
2024-03-31,Wheat Belt,Wickepin,13
2024-03-31,Wheat Belt,Williams,12
2024-03-31,Wheat Belt,Wongan-Ballidu,18
2024-03-31,Wheat Belt,Wyalkatchem,13
2024-03-31,Wheat Belt,Yilgarn,14
2024-03-31,Wheat Belt,York,68
2023-12-31,Central North Metro,Cambridge,370
2023-12-31,Central North Metro,Claremont,177
2023-12-31,Central North Metro,Cottesloe,64
2023-12-31,Central North Metro,Mosman Park,131
2023-12-31,Central North Metro,Nedlands,392
2023-12-31,Central North Metro,Peppermint Grove,11
2023-12-31,Central North Metro,Perth,339
2023-12-31,Central North Metro,Stirling,4043
2023-12-31,Central North Metro,Subiaco,253
2023-12-31,Central North Metro,Vincent,537
2023-12-31,Central South Metro,Cockburn,2634
2023-12-31,Central South Metro,East Fremantle,87
2023-12-31,Central South Metro,Fremantle,627
2023-12-31,Central South Metro,Kwinana,1296
2023-12-31,Central South Metro,Melville,1703
2023-12-31,Central South Metro,South Perth,608
2023-12-31,Goldfields-Esperance,Coolgardie,58
2023-12-31,Goldfields-Esperance,Dundas,15
2023-12-31,Goldfields-Esperance,Esperance,274
2023-12-31,Goldfields-Esperance,Kalgoorlie/Boulder,511
2023-12-31,Goldfields-Esperance,Leonora,13
2023-12-31,Goldfields-Esperance,Ngaanyatjarraku,43
2023-12-31,Goldfields-Esperance,Ravensthorpe,23
2023-12-31,Great Southern,Albany,932
2023-12-31,Great Southern,Broomehill-Tambellup,23
2023-12-31,Great Southern,Cranbrook,23
2023-12-31,Great Southern,Denmark,98
2023-12-31,Great Southern,Gnowangerup,17
2023-12-31,Great Southern,Katanning,59
2023-12-31,Great Southern,Kojonup,20
2023-12-31,Great Southern,Plantagenet,96
2023-12-31,Kimberley-Pilbara,Ashburton,74
2023-12-31,Kimberley-Pilbara,Broome,426
2023-12-31,Kimberley-Pilbara,Derby-West Kimberley,203
2023-12-31,Kimberley-Pilbara,East Pilbara,98
2023-12-31,Kimberley-Pilbara,Halls Creek,90
2023-12-31,Kimberley-Pilbara,Karratha,397
2023-12-31,Kimberley-Pilbara,Port Hedland,257
2023-12-31,Kimberley-Pilbara,Wyndham-East Kimberley,158
2023-12-31,Midwest-Gascoyne,Carnarvon,82
2023-12-31,Midwest-Gascoyne,Chapman Valley,31
2023-12-31,Midwest-Gascoyne,Coorow,12
2023-12-31,Midwest-Gascoyne,Exmouth,28
2023-12-31,Midwest-Gascoyne,Greater Geraldton,1081
2023-12-31,Midwest-Gascoyne,Irwin,57
2023-12-31,Midwest-Gascoyne,Morawa,13
2023-12-31,Midwest-Gascoyne,Mount Magnet,17
2023-12-31,Midwest-Gascoyne,Northampton,60
2023-12-31,Midwest-Gascoyne,Wiluna,11
2023-12-31,North East Metro,Bassendean,486
2023-12-31,North East Metro,Bayswater,1307
2023-12-31,North East Metro,Kalamunda,1307
2023-12-31,North East Metro,Mundaring,920
2023-12-31,North East Metro,Swan,4273
2023-12-31,North Metro,Joondalup,2809
2023-12-31,North Metro,Wanneroo,4732
2023-12-31,South East Metro,Belmont,794
2023-12-31,South East Metro,Canning,1898
2023-12-31,South East Metro,Gosnells,2918
2023-12-31,South East Metro,Victoria Park,712
2023-12-31,South Metro,Armadale,2429
2023-12-31,South Metro,Mandurah,2055
2023-12-31,South Metro,Murray,421
2023-12-31,South Metro,Rockingham,3410
2023-12-31,South Metro,Serpentine-Jarrahdale,648
2023-12-31,South West,Augusta-Margaret River,347
2023-12-31,South West,Boyup Brook,31
2023-12-31,South West,Bridgetown-Greenbushes,172
2023-12-31,South West,Bunbury,978
2023-12-31,South West,Busselton,944
2023-12-31,South West,Capel,433
2023-12-31,South West,Collie,220
2023-12-31,South West,Dardanup,327
2023-12-31,South West,Donnybrook-Balingup,155
2023-12-31,South West,Harvey,581
2023-12-31,South West,Manjimup,241
2023-12-31,South West,Nannup,17
2023-12-31,South West,Waroona,68
2023-12-31,Wheat Belt,Beverley,31
2023-12-31,Wheat Belt,Boddington,23
2023-12-31,Wheat Belt,Brookton,19
2023-12-31,Wheat Belt,Bruce Rock,13
2023-12-31,Wheat Belt,Chittering,111
2023-12-31,Wheat Belt,Corrigin,13
2023-12-31,Wheat Belt,Cuballing,16
2023-12-31,Wheat Belt,Cunderdin,24
2023-12-31,Wheat Belt,Dalwallinu,12
2023-12-31,Wheat Belt,Dandaragan,43
2023-12-31,Wheat Belt,Gingin,88
2023-12-31,Wheat Belt,Goomalling,15
2023-12-31,Wheat Belt,Kellerberrin,24
2023-12-31,Wheat Belt,Kondinin,12
2023-12-31,Wheat Belt,Lake Grace,14
2023-12-31,Wheat Belt,Merredin,59
2023-12-31,Wheat Belt,Moora,44
2023-12-31,Wheat Belt,Narrogin,98
2023-12-31,Wheat Belt,Northam,291
2023-12-31,Wheat Belt,Pingelly,29
2023-12-31,Wheat Belt,Quairading,14
2023-12-31,Wheat Belt,Toodyay,80
2023-12-31,Wheat Belt,Victoria Plains,11
2023-12-31,Wheat Belt,Wagin,16
2023-12-31,Wheat Belt,Wickepin,13
2023-12-31,Wheat Belt,Williams,12
2023-12-31,Wheat Belt,Wongan-Ballidu,19
2023-12-31,Wheat Belt,Wyalkatchem,12
2023-12-31,Wheat Belt,Yilgarn,15
2023-12-31,Wheat Belt,York,68
2023-09-30,Central North Metro,Cambridge,362
2023-09-30,Central North Metro,Claremont,174
2023-09-30,Central North Metro,Cottesloe,63
2023-09-30,Central North Metro,Mosman Park,137
2023-09-30,Central North Metro,Nedlands,391
2023-09-30,Central North Metro,Peppermint Grove,11
2023-09-30,Central North Metro,Perth,324
2023-09-30,Central North Metro,Stirling,3948
2023-09-30,Central North Metro,Subiaco,249
2023-09-30,Central North Metro,Vincent,519
2023-09-30,Central South Metro,Cockburn,2595
2023-09-30,Central South Metro,East Fremantle,90
2023-09-30,Central South Metro,Fremantle,613
2023-09-30,Central South Metro,Kwinana,1242
2023-09-30,Central South Metro,Melville,1647
2023-09-30,Central South Metro,South Perth,592
2023-09-30,Goldfields-Esperance,Coolgardie,56
2023-09-30,Goldfields-Esperance,Dundas,15
2023-09-30,Goldfields-Esperance,Esperance,266
2023-09-30,Goldfields-Esperance,Kalgoorlie/Boulder,498
2023-09-30,Goldfields-Esperance,Leonora,11
2023-09-30,Goldfields-Esperance,Ngaanyatjarraku,27
2023-09-30,Goldfields-Esperance,Ravensthorpe,21
2023-09-30,Great Southern,Albany,922
2023-09-30,Great Southern,Broomehill-Tambellup,22
2023-09-30,Great Southern,Cranbrook,22
2023-09-30,Great Southern,Denmark,94
2023-09-30,Great Southern,Gnowangerup,17
2023-09-30,Great Southern,Katanning,58
2023-09-30,Great Southern,Kojonup,20
2023-09-30,Great Southern,Plantagenet,96
2023-09-30,Kimberley-Pilbara,Ashburton,69
2023-09-30,Kimberley-Pilbara,Broome,416
2023-09-30,Kimberley-Pilbara,Derby-West Kimberley,203
2023-09-30,Kimberley-Pilbara,East Pilbara,96
2023-09-30,Kimberley-Pilbara,Halls Creek,89
2023-09-30,Kimberley-Pilbara,Karratha,381
2023-09-30,Kimberley-Pilbara,Port Hedland,254
2023-09-30,Kimberley-Pilbara,Wyndham-East Kimberley,156
2023-09-30,Midwest-Gascoyne,Carnarvon,78
2023-09-30,Midwest-Gascoyne,Chapman Valley,29
2023-09-30,Midwest-Gascoyne,Coorow,13
2023-09-30,Midwest-Gascoyne,Exmouth,27
2023-09-30,Midwest-Gascoyne,Greater Geraldton,1051
2023-09-30,Midwest-Gascoyne,Irwin,51
2023-09-30,Midwest-Gascoyne,Morawa,12
2023-09-30,Midwest-Gascoyne,Mount Magnet,17
2023-09-30,Midwest-Gascoyne,Northampton,58
2023-09-30,North East Metro,Bassendean,477
2023-09-30,North East Metro,Bayswater,1273
2023-09-30,North East Metro,Kalamunda,1281
2023-09-30,North East Metro,Mundaring,901
2023-09-30,North East Metro,Swan,4188
2023-09-30,North Metro,Joondalup,2745
2023-09-30,North Metro,Wanneroo,4586
2023-09-30,South East Metro,Belmont,779
2023-09-30,South East Metro,Canning,1808
2023-09-30,South East Metro,Gosnells,2803
2023-09-30,South East Metro,Victoria Park,706
2023-09-30,South Metro,Armadale,2366
2023-09-30,South Metro,Mandurah,2005
2023-09-30,South Metro,Murray,407
2023-09-30,South Metro,Rockingham,3295
2023-09-30,South Metro,Serpentine-Jarrahdale,628
2023-09-30,South West,Augusta-Margaret River,341
2023-09-30,South West,Boyup Brook,32
2023-09-30,South West,Bridgetown-Greenbushes,168
2023-09-30,South West,Bunbury,955
2023-09-30,South West,Busselton,930
2023-09-30,South West,Capel,412
2023-09-30,South West,Collie,213
2023-09-30,South West,Dardanup,316
2023-09-30,South West,Donnybrook-Balingup,149
2023-09-30,South West,Harvey,563
2023-09-30,South West,Manjimup,236
2023-09-30,South West,Nannup,16
2023-09-30,South West,Waroona,66
2023-09-30,Wheat Belt,Beverley,32
2023-09-30,Wheat Belt,Boddington,18
2023-09-30,Wheat Belt,Brookton,20
2023-09-30,Wheat Belt,Bruce Rock,12
2023-09-30,Wheat Belt,Chittering,114
2023-09-30,Wheat Belt,Corrigin,13
2023-09-30,Wheat Belt,Cuballing,15
2023-09-30,Wheat Belt,Cunderdin,23
2023-09-30,Wheat Belt,Dalwallinu,12
2023-09-30,Wheat Belt,Dandaragan,43
2023-09-30,Wheat Belt,Gingin,85
2023-09-30,Wheat Belt,Goomalling,15
2023-09-30,Wheat Belt,Kellerberrin,24
2023-09-30,Wheat Belt,Kondinin,12
2023-09-30,Wheat Belt,Lake Grace,14
2023-09-30,Wheat Belt,Merredin,59
2023-09-30,Wheat Belt,Moora,40
2023-09-30,Wheat Belt,Narrogin,95
2023-09-30,Wheat Belt,Northam,288
2023-09-30,Wheat Belt,Pingelly,32
2023-09-30,Wheat Belt,Quairading,14
2023-09-30,Wheat Belt,Toodyay,82
2023-09-30,Wheat Belt,Wagin,16
2023-09-30,Wheat Belt,Wickepin,13
2023-09-30,Wheat Belt,Williams,13
2023-09-30,Wheat Belt,Wongan-Ballidu,18
2023-09-30,Wheat Belt,Wyalkatchem,12
2023-09-30,Wheat Belt,Yilgarn,16
2023-09-30,Wheat Belt,York,63
2023-06-30,Central North Metro,Cambridge,352
2023-06-30,Central North Metro,Claremont,165
2023-06-30,Central North Metro,Cottesloe,59
2023-06-30,Central North Metro,Mosman Park,136
2023-06-30,Central North Metro,Nedlands,381
2023-06-30,Central North Metro,Perth,327
2023-06-30,Central North Metro,Stirling,3828
2023-06-30,Central North Metro,Subiaco,249
2023-06-30,Central North Metro,Vincent,495
2023-06-30,Central South Metro,Cockburn,2521
2023-06-30,Central South Metro,East Fremantle,88
2023-06-30,Central South Metro,Fremantle,589
2023-06-30,Central South Metro,Kwinana,1220
2023-06-30,Central South Metro,Melville,1604
2023-06-30,Central South Metro,South Perth,576
2023-06-30,Goldfields-Esperance,Coolgardie,49
2023-06-30,Goldfields-Esperance,Esperance,261
2023-06-30,Goldfields-Esperance,Kalgoorlie/Boulder,483
2023-06-30,Goldfields-Esperance,Ngaanyatjarraku,26
2023-06-30,Goldfields-Esperance,Ravensthorpe,20
2023-06-30,Great Southern,Albany,885
2023-06-30,Great Southern,Broomehill-Tambellup,22
2023-06-30,Great Southern,Cranbrook,22
2023-06-30,Great Southern,Denmark,86
2023-06-30,Great Southern,Katanning,58
2023-06-30,Great Southern,Plantagenet,91
2023-06-30,Kimberley-Pilbara,Ashburton,61
2023-06-30,Kimberley-Pilbara,Broome,400
2023-06-30,Kimberley-Pilbara,Derby-West Kimberley,204
2023-06-30,Kimberley-Pilbara,East Pilbara,99
2023-06-30,Kimberley-Pilbara,Halls Creek,88
2023-06-30,Kimberley-Pilbara,Karratha,367
2023-06-30,Kimberley-Pilbara,Port Hedland,262
2023-06-30,Kimberley-Pilbara,Wyndham-East Kimberley,155
2023-06-30,Midwest-Gascoyne,Carnarvon,77
2023-06-30,Midwest-Gascoyne,Chapman Valley,27
2023-06-30,Midwest-Gascoyne,Exmouth,28
2023-06-30,Midwest-Gascoyne,Greater Geraldton,1015
2023-06-30,Midwest-Gascoyne,Irwin,49
2023-06-30,Midwest-Gascoyne,Northampton,54
2023-06-30,North East Metro,Bassendean,483
2023-06-30,North East Metro,Bayswater,1249
2023-06-30,North East Metro,Kalamunda,1252
2023-06-30,North East Metro,Mundaring,877
2023-06-30,North East Metro,Swan,4072
2023-06-30,North Metro,Joondalup,2653
2023-06-30,North Metro,Wanneroo,4380
2023-06-30,Other,Other,530
2023-06-30,South East Metro,Belmont,764
2023-06-30,South East Metro,Canning,1745
2023-06-30,South East Metro,Gosnells,2713
2023-06-30,South East Metro,Victoria Park,687
2023-06-30,South Metro,Armadale,2275
2023-06-30,South Metro,Mandurah,1943
2023-06-30,South Metro,Murray,396
2023-06-30,South Metro,Rockingham,3175
2023-06-30,South Metro,Serpentine-Jarrahdale,595
2023-06-30,South West,Augusta-Margaret River,324
2023-06-30,South West,Boyup Brook,32
2023-06-30,South West,Bridgetown-Greenbushes,164
2023-06-30,South West,Bunbury,924
2023-06-30,South West,Busselton,909
2023-06-30,South West,Capel,396
2023-06-30,South West,Collie,201
2023-06-30,South West,Dardanup,295
2023-06-30,South West,Donnybrook-Balingup,150
2023-06-30,South West,Harvey,540
2023-06-30,South West,Manjimup,234
2023-06-30,South West,Waroona,58
2023-06-30,Wheatbelt,Beverley,34
2023-06-30,Wheatbelt,Boddington,20
2023-06-30,Wheatbelt,Chittering,108
2023-06-30,Wheatbelt,Cunderdin,23
2023-06-30,Wheatbelt,Dandaragan,43
2023-06-30,Wheatbelt,Gingin,81
2023-06-30,Wheatbelt,Kellerberrin,24
2023-06-30,Wheatbelt,Merredin,56
2023-06-30,Wheatbelt,Moora,40
2023-06-30,Wheatbelt,Narrogin,93
2023-06-30,Wheatbelt,Northam,269
2023-06-30,Wheatbelt,Pingelly,30
2023-06-30,Wheatbelt,Toodyay,76
2023-06-30,Wheatbelt,York,59
2023-03-31,Central North Metro,Cambridge,335
2023-03-31,Central North Metro,Claremont,158
2023-03-31,Central North Metro,Cottesloe,57
2023-03-31,Central North Metro,Mosman Park,143
2023-03-31,Central North Metro,Nedlands,370
2023-03-31,Central North Metro,Perth,324
2023-03-31,Central North Metro,Stirling,3707
2023-03-31,Central North Metro,Subiaco,249
2023-03-31,Central North Metro,Vincent,481
2023-03-31,Central South Metro,Cockburn,2457
2023-03-31,Central South Metro,East Fremantle,81
2023-03-31,Central South Metro,Fremantle,561
2023-03-31,Central South Metro,Kwinana,1178
2023-03-31,Central South Metro,Melville,1580
2023-03-31,Central South Metro,South Perth,569
2023-03-31,Goldfields-Esperance,Coolgardie,50
2023-03-31,Goldfields-Esperance,Esperance,248
2023-03-31,Goldfields-Esperance,Kalgoorlie/Boulder,465
2023-03-31,Goldfields-Esperance,Ngaanyatjarraku,26
2023-03-31,Great Southern,Albany,866
2023-03-31,Great Southern,Broomehill-Tambellup,21
2023-03-31,Great Southern,Cranbrook,20
2023-03-31,Great Southern,Denmark,81
2023-03-31,Great Southern,Katanning,55
2023-03-31,Great Southern,Plantagenet,85
2023-03-31,Kimberley-Pilbara,Ashburton,59
2023-03-31,Kimberley-Pilbara,Broome,385
2023-03-31,Kimberley-Pilbara,Derby-West Kimberley,208
2023-03-31,Kimberley-Pilbara,East Pilbara,93
2023-03-31,Kimberley-Pilbara,Halls Creek,87
2023-03-31,Kimberley-Pilbara,Karratha,346
2023-03-31,Kimberley-Pilbara,Port Hedland,254
2023-03-31,Kimberley-Pilbara,Wyndham-East Kimberley,149
2023-03-31,Midwest-Gascoyne,Carnarvon,76
2023-03-31,Midwest-Gascoyne,Chapman Valley,26
2023-03-31,Midwest-Gascoyne,Exmouth,28
2023-03-31,Midwest-Gascoyne,Greater Geraldton,980
2023-03-31,Midwest-Gascoyne,Irwin,47
2023-03-31,Midwest-Gascoyne,Northampton,50
2023-03-31,North East Metro,Bassendean,476
2023-03-31,North East Metro,Bayswater,1221
2023-03-31,North East Metro,Kalamunda,1222
2023-03-31,North East Metro,Mundaring,859
2023-03-31,North East Metro,Swan,3954
2023-03-31,North Metro,Joondalup,2586
2023-03-31,North Metro,Wanneroo,4242
2023-03-31,Other,Ngaanyatjarraku,20
2023-03-31,Other,Other,542
2023-03-31,South East Metro,Belmont,768
2023-03-31,South East Metro,Canning,1690
2023-03-31,South East Metro,Gosnells,2621
2023-03-31,South East Metro,Victoria Park,676
2023-03-31,South Metro,Armadale,2216
2023-03-31,South Metro,Mandurah,1869
2023-03-31,South Metro,Murray,388
2023-03-31,South Metro,Rockingham,3074
2023-03-31,South Metro,Serpentine-Jarrahdale,579
2023-03-31,South West,Augusta-Margaret River,314
2023-03-31,South West,Boyup Brook,32
2023-03-31,South West,Bridgetown-Greenbushes,156
2023-03-31,South West,Bunbury,914
2023-03-31,South West,Busselton,889
2023-03-31,South West,Capel,387
2023-03-31,South West,Collie,203
2023-03-31,South West,Dardanup,290
2023-03-31,South West,Donnybrook-Balingup,147
2023-03-31,South West,Harvey,534
2023-03-31,South West,Manjimup,235
2023-03-31,South West,Waroona,59
2023-03-31,Wheatbelt,Beverley,32
2023-03-31,Wheatbelt,Chittering,101
2023-03-31,Wheatbelt,Cunderdin,23
2023-03-31,Wheatbelt,Dandaragan,44
2023-03-31,Wheatbelt,Gingin,82
2023-03-31,Wheatbelt,Kellerberrin,24
2023-03-31,Wheatbelt,Merredin,53
2023-03-31,Wheatbelt,Moora,40
2023-03-31,Wheatbelt,Narrogin,91
2023-03-31,Wheatbelt,Northam,250
2023-03-31,Wheatbelt,Pingelly,30
2023-03-31,Wheatbelt,Toodyay,71
2023-03-31,Wheatbelt,York,57
2022-12-31,Central North Metro,Cambridge,325
2022-12-31,Central North Metro,Claremont,160
2022-12-31,Central North Metro,Cottesloe,56
2022-12-31,Central North Metro,Mosman Park,142
2022-12-31,Central North Metro,Nedlands,361
2022-12-31,Central North Metro,Perth,315
2022-12-31,Central North Metro,Stirling,3584
2022-12-31,Central North Metro,Subiaco,249
2022-12-31,Central North Metro,Vincent,465
2022-12-31,Central South Metro,Cockburn,2375
2022-12-31,Central South Metro,East Fremantle,79
2022-12-31,Central South Metro,Fremantle,533
2022-12-31,Central South Metro,Kwinana,1141
2022-12-31,Central South Metro,Melville,1531
2022-12-31,Central South Metro,South Perth,556
2022-12-31,Goldfields-Esperance,Coolgardie,52
2022-12-31,Goldfields-Esperance,Esperance,239
2022-12-31,Goldfields-Esperance,Kalgoorlie/Boulder,446
2022-12-31,Goldfields-Esperance,Ngaanyatjarraku,45
2022-12-31,Great Southern,Albany,849
2022-12-31,Great Southern,Broomehill-Tambellup,20
2022-12-31,Great Southern,Cranbrook,20
2022-12-31,Great Southern,Denmark,80
2022-12-31,Great Southern,Katanning,56
2022-12-31,Great Southern,Plantagenet,84
2022-12-31,Kimberley-Pilbara,Ashburton,56
2022-12-31,Kimberley-Pilbara,Broome,365
2022-12-31,Kimberley-Pilbara,Derby-West Kimberley,197
2022-12-31,Kimberley-Pilbara,East Pilbara,91
2022-12-31,Kimberley-Pilbara,Halls Creek,89
2022-12-31,Kimberley-Pilbara,Karratha,336
2022-12-31,Kimberley-Pilbara,Port Hedland,241
2022-12-31,Kimberley-Pilbara,Wyndham-East Kimberley,133
2022-12-31,Midwest-Gascoyne,Carnarvon,75
2022-12-31,Midwest-Gascoyne,Chapman Valley,25
2022-12-31,Midwest-Gascoyne,Exmouth,26
2022-12-31,Midwest-Gascoyne,Greater Geraldton,944
2022-12-31,Midwest-Gascoyne,Irwin,47
2022-12-31,Midwest-Gascoyne,Northampton,46
2022-12-31,North East Metro,Bassendean,471
2022-12-31,North East Metro,Bayswater,1208
2022-12-31,North East Metro,Kalamunda,1191
2022-12-31,North East Metro,Mundaring,819
2022-12-31,North East Metro,Swan,3840
2022-12-31,North Metro,Joondalup,2527
2022-12-31,North Metro,Wanneroo,4095
2022-12-31,Other,Other,520
2022-12-31,South East Metro,Belmont,749
2022-12-31,South East Metro,Canning,1653
2022-12-31,South East Metro,Gosnells,2540
2022-12-31,South East Metro,Victoria Park,657
2022-12-31,South Metro,Armadale,2117
2022-12-31,South Metro,Mandurah,1819
2022-12-31,South Metro,Murray,372
2022-12-31,South Metro,Rockingham,2946
2022-12-31,South Metro,Serpentine-Jarrahdale,550
2022-12-31,South West,Augusta-Margaret River,305
2022-12-31,South West,Boyup Brook,29
2022-12-31,South West,Bridgetown-Greenbushes,153
2022-12-31,South West,Bunbury,885
2022-12-31,South West,Busselton,891
2022-12-31,South West,Capel,357
2022-12-31,South West,Collie,197
2022-12-31,South West,Dardanup,282
2022-12-31,South West,Donnybrook-Balingup,146
2022-12-31,South West,Harvey,519
2022-12-31,South West,Manjimup,231
2022-12-31,South West,Waroona,61
2022-12-31,Wheatbelt,Beverley,29
2022-12-31,Wheatbelt,Chittering,97
2022-12-31,Wheatbelt,Cunderdin,23
2022-12-31,Wheatbelt,Dandaragan,47
2022-12-31,Wheatbelt,Gingin,74
2022-12-31,Wheatbelt,Kellerberrin,24
2022-12-31,Wheatbelt,Merredin,54
2022-12-31,Wheatbelt,Moora,40
2022-12-31,Wheatbelt,Narrogin,92
2022-12-31,Wheatbelt,Northam,238
2022-12-31,Wheatbelt,Pingelly,30
2022-12-31,Wheatbelt,Toodyay,71
2022-12-31,Wheatbelt,York,57
2022-09-30,Central North Metro,Cambridge,318
2022-09-30,Central North Metro,Claremont,150
2022-09-30,Central North Metro,Cottesloe,53
2022-09-30,Central North Metro,Mosman Park,143
2022-09-30,Central North Metro,Nedlands,362
2022-09-30,Central North Metro,Perth,307
2022-09-30,Central North Metro,Stirling,3464
2022-09-30,Central North Metro,Subiaco,240
2022-09-30,Central North Metro,Vincent,452
2022-09-30,Central South Metro,Cockburn,2312
2022-09-30,Central South Metro,East Fremantle,76
2022-09-30,Central South Metro,Fremantle,526
2022-09-30,Central South Metro,Kwinana,1094
2022-09-30,Central South Metro,Melville,1501
2022-09-30,Central South Metro,South Perth,542
2022-09-30,Goldfields-Esperance,Coolgardie,47
2022-09-30,Goldfields-Esperance,Esperance,236
2022-09-30,Goldfields-Esperance,Kalgoorlie/Boulder,433
2022-09-30,Goldfields-Esperance,Ngaanyatjarraku,47
2022-09-30,Great Southern,Albany,838
2022-09-30,Great Southern,Broomehill-Tambellup,20
2022-09-30,Great Southern,Cranbrook,20
2022-09-30,Great Southern,Denmark,78
2022-09-30,Great Southern,Katanning,56
2022-09-30,Great Southern,Plantagenet,83
2022-09-30,Kimberley-Pilbara,Ashburton,56
2022-09-30,Kimberley-Pilbara,Broome,362
2022-09-30,Kimberley-Pilbara,Derby-West Kimberley,191
2022-09-30,Kimberley-Pilbara,East Pilbara,90
2022-09-30,Kimberley-Pilbara,Halls Creek,91
2022-09-30,Kimberley-Pilbara,Karratha,325
2022-09-30,Kimberley-Pilbara,Port Hedland,238
2022-09-30,Kimberley-Pilbara,Wyndham-East Kimberley,132
2022-09-30,Midwest-Gascoyne,Carnarvon,71
2022-09-30,Midwest-Gascoyne,Chapman Valley,24
2022-09-30,Midwest-Gascoyne,Exmouth,26
2022-09-30,Midwest-Gascoyne,Greater Geraldton,914
2022-09-30,Midwest-Gascoyne,Irwin,44
2022-09-30,Midwest-Gascoyne,Northampton,48
2022-09-30,North East Metro,Bassendean,459
2022-09-30,North East Metro,Bayswater,1168
2022-09-30,North East Metro,Kalamunda,1166
2022-09-30,North East Metro,Mundaring,803
2022-09-30,North East Metro,Swan,3743
2022-09-30,North Metro,Joondalup,2454
2022-09-30,North Metro,Wanneroo,3941
2022-09-30,Other,Other,511
2022-09-30,South East Metro,Belmont,729
2022-09-30,South East Metro,Canning,1569
2022-09-30,South East Metro,Gosnells,2476
2022-09-30,South East Metro,Victoria Park,633
2022-09-30,South Metro,Armadale,2048
2022-09-30,South Metro,Mandurah,1742
2022-09-30,South Metro,Murray,363
2022-09-30,South Metro,Rockingham,2831
2022-09-30,South Metro,Serpentine-Jarrahdale,517
2022-09-30,South West,Augusta-Margaret River,291
2022-09-30,South West,Boyup Brook,26
2022-09-30,South West,Bridgetown-Greenbushes,149
2022-09-30,South West,Bunbury,870
2022-09-30,South West,Busselton,870
2022-09-30,South West,Capel,345
2022-09-30,South West,Collie,193
2022-09-30,South West,Dardanup,276
2022-09-30,South West,Donnybrook-Balingup,142
2022-09-30,South West,Harvey,505
2022-09-30,South West,Manjimup,233
2022-09-30,South West,Waroona,58
2022-09-30,Wheatbelt,Beverley,28
2022-09-30,Wheatbelt,Chittering,95
2022-09-30,Wheatbelt,Cunderdin,22
2022-09-30,Wheatbelt,Dandaragan,47
2022-09-30,Wheatbelt,Gingin,67
2022-09-30,Wheatbelt,Kellerberrin,25
2022-09-30,Wheatbelt,Merredin,49
2022-09-30,Wheatbelt,Moora,40
2022-09-30,Wheatbelt,Narrogin,83
2022-09-30,Wheatbelt,Northam,230
2022-09-30,Wheatbelt,Pingelly,30
2022-09-30,Wheatbelt,Toodyay,65
2022-09-30,Wheatbelt,York,54
2022-06-30,Central North Metro,Cambridge,301
2022-06-30,Central North Metro,Claremont,145
2022-06-30,Central North Metro,Cottesloe,48
2022-06-30,Central North Metro,Mosman Park,140
2022-06-30,Central North Metro,Nedlands,354
2022-06-30,Central North Metro,Perth,297
2022-06-30,Central North Metro,Stirling,3381
2022-06-30,Central North Metro,Subiaco,228
2022-06-30,Central North Metro,Vincent,433
2022-06-30,Central South Metro,Cockburn,2213
2022-06-30,Central South Metro,East Fremantle,74
2022-06-30,Central South Metro,Fremantle,508
2022-06-30,Central South Metro,Kwinana,1070
2022-06-30,Central South Metro,Melville,1463
2022-06-30,Central South Metro,South Perth,524
2022-06-30,Goldfields-Esperance,Coolgardie,45
2022-06-30,Goldfields-Esperance,Esperance,232
2022-06-30,Goldfields-Esperance,Kalgoorlie/Boulder,417
2022-06-30,Goldfields-Esperance,Ngaanyatjarraku,44
2022-06-30,Goldfields-Esperance,Ravensthorpe,21
2022-06-30,Great Southern,Albany,818
2022-06-30,Great Southern,Broomehill-Tambellup,20
2022-06-30,Great Southern,Denmark,77
2022-06-30,Great Southern,Katanning,53
2022-06-30,Great Southern,Kojonup,20
2022-06-30,Great Southern,Plantagenet,84
2022-06-30,Kimberley-Pilbara,Ashburton,49
2022-06-30,Kimberley-Pilbara,Broome,355
2022-06-30,Kimberley-Pilbara,Derby-West Kimberley,188
2022-06-30,Kimberley-Pilbara,East Pilbara,85
2022-06-30,Kimberley-Pilbara,Halls Creek,87
2022-06-30,Kimberley-Pilbara,Karratha,323
2022-06-30,Kimberley-Pilbara,Port Hedland,242
2022-06-30,Kimberley-Pilbara,Wyndham-East Kimberley,130
2022-06-30,Midwest-Gascoyne,Carnarvon,58
2022-06-30,Midwest-Gascoyne,Chapman Valley,23
2022-06-30,Midwest-Gascoyne,Exmouth,23
2022-06-30,Midwest-Gascoyne,Greater Geraldton,883
2022-06-30,Midwest-Gascoyne,Irwin,43
2022-06-30,Midwest-Gascoyne,Northampton,42
2022-06-30,North East Metro,Bassendean,454
2022-06-30,North East Metro,Bayswater,1131
2022-06-30,North East Metro,Kalamunda,1146
2022-06-30,North East Metro,Mundaring,780
2022-06-30,North East Metro,Swan,3628
2022-06-30,North Metro,Joondalup,2362
2022-06-30,North Metro,Wanneroo,3781
2022-06-30,Other,Other,483
2022-06-30,South East Metro,Belmont,712
2022-06-30,South East Metro,Canning,1532
2022-06-30,South East Metro,Gosnells,2398
2022-06-30,South East Metro,Victoria Park,632
2022-06-30,South Metro,Armadale,1982
2022-06-30,South Metro,Mandurah,1675
2022-06-30,South Metro,Murray,349
2022-06-30,South Metro,Rockingham,2736
2022-06-30,South Metro,Serpentine-Jarrahdale,487
2022-06-30,South West,Augusta-Margaret River,290
2022-06-30,South West,Boyup Brook,24
2022-06-30,South West,Bridgetown-Greenbushes,152
2022-06-30,South West,Bunbury,835
2022-06-30,South West,Busselton,858
2022-06-30,South West,Capel,333
2022-06-30,South West,Collie,191
2022-06-30,South West,Dardanup,271
2022-06-30,South West,Donnybrook-Balingup,137
2022-06-30,South West,Harvey,493
2022-06-30,South West,Manjimup,229
2022-06-30,South West,Waroona,55
2022-06-30,Wheat Belt,Beverley,26
2022-06-30,Wheat Belt,Chittering,94
2022-06-30,Wheat Belt,Cunderdin,22
2022-06-30,Wheat Belt,Dandaragan,44
2022-06-30,Wheat Belt,Gingin,63
2022-06-30,Wheat Belt,Kellerberrin,26
2022-06-30,Wheat Belt,Merredin,48
2022-06-30,Wheat Belt,Moora,40
2022-06-30,Wheat Belt,Narrogin,83
2022-06-30,Wheat Belt,Northam,227
2022-06-30,Wheat Belt,Pingelly,31
2022-06-30,Wheat Belt,Toodyay,65
2022-06-30,Wheat Belt,York,49
2022-03-31,Central North Metro,Cambridge,292
2022-03-31,Central North Metro,Claremont,145
2022-03-31,Central North Metro,Cottesloe,48
2022-03-31,Central North Metro,Mosman Park,143
2022-03-31,Central North Metro,Nedlands,338
2022-03-31,Central North Metro,Perth,283
2022-03-31,Central North Metro,Stirling,3262
2022-03-31,Central North Metro,Subiaco,224
2022-03-31,Central North Metro,Vincent,407
2022-03-31,Central South Metro,Cockburn,2144
2022-03-31,Central South Metro,East Fremantle,75
2022-03-31,Central South Metro,Fremantle,476
2022-03-31,Central South Metro,Kwinana,1028
2022-03-31,Central South Metro,Melville,1415
2022-03-31,Central South Metro,South Perth,522
2022-03-31,Goldfields-Esperance,Coolgardie,48
2022-03-31,Goldfields-Esperance,Esperance,224
2022-03-31,Goldfields-Esperance,Kalgoorlie/Boulder,393
2022-03-31,Goldfields-Esperance,Ngaanyatjarraku,29
2022-03-31,Great Southern,Albany,787
2022-03-31,Great Southern,Denmark,76
2022-03-31,Great Southern,Katanning,53
2022-03-31,Great Southern,Kojonup,22
2022-03-31,Great Southern,Plantagenet,80
2022-03-31,Kimberley-Pilbara,Ashburton,47
2022-03-31,Kimberley-Pilbara,Broome,349
2022-03-31,Kimberley-Pilbara,Derby-West Kimberley,185
2022-03-31,Kimberley-Pilbara,East Pilbara,81
2022-03-31,Kimberley-Pilbara,Halls Creek,90
2022-03-31,Kimberley-Pilbara,Karratha,307
2022-03-31,Kimberley-Pilbara,Port Hedland,232
2022-03-31,Kimberley-Pilbara,Wyndham-East Kimberley,128
2022-03-31,Midwest-Gascoyne,Carnarvon,60
2022-03-31,Midwest-Gascoyne,Chapman Valley,20
2022-03-31,Midwest-Gascoyne,Exmouth,22
2022-03-31,Midwest-Gascoyne,Greater Geraldton,837
2022-03-31,Midwest-Gascoyne,Irwin,40
2022-03-31,Midwest-Gascoyne,Northampton,42
2022-03-31,North East Metro,Bassendean,442
2022-03-31,North East Metro,Bayswater,1117
2022-03-31,North East Metro,Kalamunda,1126
2022-03-31,North East Metro,Mundaring,749
2022-03-31,North East Metro,Swan,3534
2022-03-31,North Metro,Joondalup,2285
2022-03-31,North Metro,Wanneroo,3640
2022-03-31,Other,Other,502
2022-03-31,South East Metro,Belmont,696
2022-03-31,South East Metro,Canning,1473
2022-03-31,South East Metro,Gosnells,2331
2022-03-31,South East Metro,Victoria Park,628
2022-03-31,South Metro,Armadale,1926
2022-03-31,South Metro,Mandurah,1619
2022-03-31,South Metro,Murray,340
2022-03-31,South Metro,Rockingham,2657
2022-03-31,South Metro,Serpentine-Jarrahdale,463
2022-03-31,South West,Augusta-Margaret River,284
2022-03-31,South West,Boyup Brook,23
2022-03-31,South West,Bridgetown-Greenbushes,149
2022-03-31,South West,Bunbury,809
2022-03-31,South West,Busselton,832
2022-03-31,South West,Capel,323
2022-03-31,South West,Collie,187
2022-03-31,South West,Dardanup,262
2022-03-31,South West,Donnybrook-Balingup,130
2022-03-31,South West,Harvey,485
2022-03-31,South West,Manjimup,223
2022-03-31,South West,Waroona,52
2022-03-31,Wheat Belt,Beverley,24
2022-03-31,Wheat Belt,Chittering,96
2022-03-31,Wheat Belt,Cunderdin,22
2022-03-31,Wheat Belt,Dandaragan,44
2022-03-31,Wheat Belt,Gingin,56
2022-03-31,Wheat Belt,Kellerberrin,26
2022-03-31,Wheat Belt,Merredin,48
2022-03-31,Wheat Belt,Moora,38
2022-03-31,Wheat Belt,Narrogin,78
2022-03-31,Wheat Belt,Northam,215
2022-03-31,Wheat Belt,Pingelly,30
2022-03-31,Wheat Belt,Toodyay,61
2022-03-31,Wheat Belt,York,46
2021-12-31,Central North Metro,Cambridge,275
2021-12-31,Central North Metro,Claremont,135
2021-12-31,Central North Metro,Cottesloe,48
2021-12-31,Central North Metro,Mosman Park,139
2021-12-31,Central North Metro,Nedlands,341
2021-12-31,Central North Metro,Perth,257
2021-12-31,Central North Metro,Stirling,3155
2021-12-31,Central North Metro,Subiaco,213
2021-12-31,Central North Metro,Vincent,389
2021-12-31,Central South Metro,Cockburn,2090
2021-12-31,Central South Metro,East Fremantle,72
2021-12-31,Central South Metro,Fremantle,462
2021-12-31,Central South Metro,Kwinana,980
2021-12-31,Central South Metro,Melville,1361
2021-12-31,Central South Metro,South Perth,513
2021-12-31,Goldfields-Esperance,Coolgardie,42
2021-12-31,Goldfields-Esperance,Esperance,209
2021-12-31,Goldfields-Esperance,Kalgoorlie/Boulder,386
2021-12-31,Goldfields-Esperance,Ngaanyatjarraku,30
2021-12-31,Great Southern,Albany,757
2021-12-31,Great Southern,Denmark,74
2021-12-31,Great Southern,Katanning,53
2021-12-31,Great Southern,Kojonup,21
2021-12-31,Great Southern,Plantagenet,75
2021-12-31,Kimberley-Pilbara,Ashburton,45
2021-12-31,Kimberley-Pilbara,Broome,340
2021-12-31,Kimberley-Pilbara,Derby-West Kimberley,179
2021-12-31,Kimberley-Pilbara,East Pilbara,78
2021-12-31,Kimberley-Pilbara,Halls Creek,79
2021-12-31,Kimberley-Pilbara,Karratha,301
2021-12-31,Kimberley-Pilbara,Port Hedland,222
2021-12-31,Kimberley-Pilbara,Wyndham-East Kimberley,118
2021-12-31,Midwest-Gascoyne,Carnarvon,53
2021-12-31,Midwest-Gascoyne,Exmouth,23
2021-12-31,Midwest-Gascoyne,Greater Geraldton,774
2021-12-31,Midwest-Gascoyne,Irwin,39
2021-12-31,Midwest-Gascoyne,Northampton,39
2021-12-31,North East Metro,Bassendean,436
2021-12-31,North East Metro,Bayswater,1092
2021-12-31,North East Metro,Kalamunda,1102
2021-12-31,North East Metro,Mundaring,737
2021-12-31,North East Metro,Swan,3458
2021-12-31,North Metro,Joondalup,2179
2021-12-31,North Metro,Wanneroo,3499
2021-12-31,Other,Other,510
2021-12-31,South East Metro,Belmont,690
2021-12-31,South East Metro,Canning,1402
2021-12-31,South East Metro,Gosnells,2228
2021-12-31,South East Metro,Victoria Park,603
2021-12-31,South Metro,Armadale,1885
2021-12-31,South Metro,Mandurah,1574
2021-12-31,South Metro,Murray,330
2021-12-31,South Metro,Rockingham,2546
2021-12-31,South Metro,Serpentine-Jarrahdale,437
2021-12-31,South West,Augusta-Margaret River,278
2021-12-31,South West,Boyup Brook,22
2021-12-31,South West,Bridgetown-Greenbushes,143
2021-12-31,South West,Bunbury,784
2021-12-31,South West,Busselton,822
2021-12-31,South West,Capel,306
2021-12-31,South West,Collie,189
2021-12-31,South West,Dardanup,246
2021-12-31,South West,Donnybrook-Balingup,124
2021-12-31,South West,Harvey,468
2021-12-31,South West,Manjimup,216
2021-12-31,South West,Waroona,51
2021-12-31,Wheat Belt,Beverley,21
2021-12-31,Wheat Belt,Chittering,96
2021-12-31,Wheat Belt,Cunderdin,22
2021-12-31,Wheat Belt,Dandaragan,45
2021-12-31,Wheat Belt,Gingin,50
2021-12-31,Wheat Belt,Kellerberrin,27
2021-12-31,Wheat Belt,Merredin,44
2021-12-31,Wheat Belt,Moora,37
2021-12-31,Wheat Belt,Narrogin,73
2021-12-31,Wheat Belt,Northam,203
2021-12-31,Wheat Belt,Pingelly,28
2021-12-31,Wheat Belt,Toodyay,62
2021-12-31,Wheat Belt,York,43
